{
  "mean": [
    218529488.0,
    9.945000648498535,
    1.3177684545516968,
    0.04428453743457794,
    5320683.5,
    16.764129638671875,
    2.227353811264038,
    0.048548467457294464
  ],
  "std": [
    279356736.0,
    5.125154495239258,
    1.3883336782455444,
    0.055041611194610596,
    3643295.0,
    6.933333396911621,
    1.7666338682174683,
    0.06327333301305771
  ]
}