{
  "mean": [
    216788688.0,
    10.009200096130371,
    1.3411376476287842,
    0.03616708144545555,
    5345307.0,
    16.797000885009766,
    2.2399065494537354,
    0.04016362875699997
  ],
  "std": [
    274704160.0,
    5.095541954040527,
    1.399609088897705,
    0.05459436774253845,
    3543779.75,
    6.770930767059326,
    1.7702548503875732,
    0.06271423399448395
  ]
}